sample_id,i_bits,o_bits,i_hex,o_hex,count
0,0000000010010000000000111000000000000000000,0000,0x4801c0000,0x0,9
1,0010000010010000000000111000000000000000000,0000,0x104801c0000,0x0,49
2,0010000010000100000000111000000000000000000,0000,0x104201c0000,0x0,9
3,0010000010000000000000111000000000000100100,0000,0x104001c0024,0x0,21
4,0010000010000100000000111000000000010100100,0000,0x104201c00a4,0x0,2
5,0010000010000100000000111000000000010010100,0000,0x104201c0094,0x0,4
6,0010000010000000000000111000000000010110100,0000,0x104001c00b4,0x0,74
7,0010000010000100000000111000000000010110100,0000,0x104201c00b4,0x0,2
8,0010000010000000000000111000000000010001100,0000,0x104001c008c,0x0,25
9,0010000010000100000000111000000000000001100,0000,0x104201c000c,0x0,4
10,0010000010000100000000111000000001000101100,0000,0x104201c022c,0x0,2
11,0010000010000100000000111011100100010011100,0000,0x104201dc89c,0x0,2
12,0010000010000100000000111000000000010011100,0000,0x104201c009c,0x0,2
13,0010000010000000000000111000000000010111100,0000,0x104001c00bc,0x0,4
14,0010000010000100000000111000000000000111100,0000,0x104201c003c,0x0,2
15,0010000010000100000000111000001011010000010,0000,0x104201c1682,0x0,2
16,0010000010000100000000111000000011010100010,0000,0x104201c06a2,0x0,2
17,0010000010000100000000111111010011100010010,0000,0x104201fa712,0x0,2
18,0010000010000100000000111110010011110110010,0000,0x104201f27b2,0x0,2
19,0010000010000000000000111110010011110110010,0000,0x104001f27b2,0x0,5
20,0010000010000100000000111001011100100110010,0000,0x104201cb932,0x0,2
21,0010000010000100000000111001011000110001010,0000,0x104201cb18a,0x0,2
22,0010000010000100000000111000000000010001010,0000,0x104201c008a,0x0,4
23,0010000010000100000000111000000011010101010,0000,0x104201c06aa,0x0,2
24,0010000010000000000000111000000011010011010,0000,0x104001c069a,0x0,6
25,0010000010000100000000111000000000000011010,0000,0x104201c001a,0x0,2
26,0010000010000100000000111001010111000111010,0000,0x104201cae3a,0x0,2
27,0010000010000100000000111000111101010000110,0000,0x104201c7a86,0x0,2
28,0010000010000100000000111101000100100000110,0000,0x104201e8906,0x0,2
29,0010000010000000000000111101000100100100110,0000,0x104001e8926,0x0,12
30,0010000010000100000000111100111110110100110,0000,0x104201e7da6,0x0,2
31,0010000010000000000000111100111110110100110,0000,0x104001e7da6,0x0,22
32,0010000010000100000000111000000000000100110,0000,0x104201c0026,0x0,2
33,0010000010000000000000111000000000000010110,0000,0x104001c0016,0x0,19
34,0010000010000100000000111111000001100010110,0000,0x104201f8316,0x0,2
35,0010000010000000000000111111000001100110110,0000,0x104001f8336,0x0,21
36,0010000010000100000000111110111011110110110,0000,0x104201f77b6,0x0,2
37,0010000010000000000000111110111011110110110,0000,0x104001f77b6,0x0,21
38,0010000010000100000000111000000110010110110,0000,0x104201c0cb6,0x0,2
39,0010000010000000000000111000000110010001110,0000,0x104001c0c8e,0x0,24
40,0010000010000100000000111110011100100001110,0000,0x104201f390e,0x0,2
41,0010000010000100000000111101110011110101110,0000,0x104201ee7ae,0x0,2
42,0010000010000100000000111100000000000101110,0000,0x104201e002e,0x0,2
43,0010000010000000000000111100000000000011110,0000,0x104001e001e,0x0,54
44,0010000010000100000000111011110110010011110,0000,0x104201dec9e,0x0,2
45,0010000010000000000000111011110110010011110,0000,0x104001dec9e,0x0,20
46,0010001000000100000000111110010011111011110,0100,0x110201f27de,0x4,2
47,0010001001000100000000111110010011111011110,0100,0x112201f27de,0x4,70
48,0010001011000100000000111110010011111011110,0000,0x116201f27de,0x0,2
49,1010000010000100000000111100001100011000010,0000,0x504201e18c2,0x0,2
50,0010001000000100000000111111111111011000000,0100,0x110201ffec0,0x4,2
51,0010001011000100000000111111111111011000000,0000,0x116201ffec0,0x0,2
52,0010000010000100000000111101101000110001100,0000,0x104201ed18c,0x0,2
53,0010000010000000000000111101101000110101100,0000,0x104001ed1ac,0x0,1
54,0010000010000100000000111111000001011101100,0000,0x104201f82ec,0x0,2
55,0010000010000000000000111111000001011001000,0000,0x104001f82c8,0x0,4
56,0010001000000100000000111001110010111001000,0100,0x110201ce5c8,0x4,2
57,0010001001000100000000111001110010111001000,0100,0x112201ce5c8,0x4,70
58,0010001011000100000000111001110010111001000,0000,0x116201ce5c8,0x0,2
59,0010000010000100000000111110001111110001110,0000,0x104201f1f8e,0x0,2
60,1010000010000100000000111011111100011110000,0000,0x504201df8f0,0x0,2
61,1010000010000000000000111011111100011010010,0000,0x504001df8d2,0x0,26
62,0010000010000100000000111000000001111010010,0000,0x104201c03d2,0x0,2
63,0010000010000000000000111000000001111001010,0000,0x104001c03ca,0x0,3
64,0010000010000100000000111001110001100001010,0000,0x104201ce30a,0x0,2
65,1010000010000100000000111100110100111010110,0000,0x504201e69d6,0x0,2
66,1010000010000000000000111100110100111000100,0000,0x504001e69c4,0x0,73
67,0010000010000100000000111011011000110000100,0000,0x104201db184,0x0,2
68,0010000010000000000000111011011000110111000,0000,0x104001db1b8,0x0,2
69,0010000010000100000000111110010001011111000,0000,0x104201f22f8,0x0,2
70,0010000010000000000000111110010001011101100,0000,0x104001f22ec,0x0,9
71,0010000010000100000000111101101010111101100,0000,0x104201ed5ec,0x0,2
72,0010000010000100000000111010011010111000000,0000,0x104201d35c0,0x0,2
73,0010000010000100000000111000011111111110100,0000,0x104201c3ff4,0x0,2
74,0010000010000100000000111000000000010010110,0000,0x104201c0096,0x0,4
75,0010000010000000000000111000000000010000000,0000,0x104001c0080,0x0,71
76,1010000010000100000000111111100101011000000,0000,0x504201fcac0,0x0,2
77,1010000010000000000000111111100101011011000,0000,0x504001fcad8,0x0,51
78,0010000010000100000000111001010111011011000,0000,0x104201caed8,0x0,2
79,0010000010000100000000111000110000000000000,0000,0x104201c6000,0x0,2
80,0010000010000100000000111010001001011110000,0000,0x104201d12f0,0x0,2
81,0010000010000100000000111110110010110000000,0000,0x104201f6580,0x0,2
82,0010000010000000000000111110110010110001010,0000,0x104001f658a,0x0,5
83,0010001000000100000000111110001000111001010,0100,0x110201f11ca,0x4,2
84,0010001001000100000000111110001000111001010,0100,0x112201f11ca,0x4,70
85,0010001011000100000000111110001000111001010,0000,0x116201f11ca,0x0,2
86,0010000010000100000000111101010010011110000,0000,0x104201ea4f0,0x0,2
87,0010000010000100000000111101101011011001010,0000,0x104201ed6ca,0x0,2
88,0010000000000100000100111011001100111101100,0100,0x100209d99ec,0x4,2
89,0010000011000100000100111011001100111101100,0000,0x106209d99ec,0x0,2
90,1010000010000100000000111101100000011001000,0000,0x504201ec0c8,0x0,2
91,1010000010000000000000111101100000011000000,0000,0x504001ec0c0,0x0,6
92,0010000010000100000000111111111100110000000,0000,0x104201ff980,0x0,2
93,0010000000000100000100111000011000011111010,0100,0x100209c30fa,0x4,2
94,0010000011000100000100111000011000011111010,0000,0x106209c30fa,0x0,2
95,0010000010000100000000111000000000000100000,0000,0x104201c0020,0x0,2
96,0010000010000100000000111011100011010011100,0000,0x104201dc69c,0x0,3
97,0010000010000110000000111011100000010011100,0000,0x104301dc09c,0x0,1003
98,0010000010000010000000111011100000010000000,0000,0x104101dc080,0x0,33122
99,0010000010000100000000111000001000010000000,0000,0x104201c1080,0x0,2004
100,0010000010000000000000111000001000010110000,0000,0x104001c10b0,0x0,16610
101,0010000010000100000000111000000000000110000,0000,0x104201c0030,0x0,2005
102,0000000010000100000000111000000000000110000,0000,0x4201c0030,0x0,2004
103,0010000010000000000000111000000000000110000,0000,0x104001c0030,0x0,73279
104,0010000010000100000000111000000010110110000,0000,0x104201c05b0,0x0,2
105,0010000010000100000000111000000000010101000,0000,0x104201c00a8,0x0,3
106,1010000010000100000000111101000110011011000,0000,0x504201e8cd8,0x0,2
107,1010000010000000000000111101000110011001000,0000,0x504001e8cc8,0x0,39
108,0010000010000100000000111000000000000001000,0000,0x104201c0008,0x0,3
109,0010000010000000000000111000000000000011100,0000,0x104001c001c,0x0,18
110,0010000010000000000000111000000000000110110,0000,0x104001c0036,0x0,1
111,0010000010000100000000111110110010010110110,0000,0x104201f64b6,0x0,2
112,0010000010000000000000111110110010010110110,0000,0x104001f64b6,0x0,20
113,0010000010000100000000111110111000010110110,0000,0x104201f70b6,0x0,3
114,0000000010000100000000111110111000010000000,0000,0x4201f7080,0x0,1
115,0010000010000000000000111110111000010000000,0000,0x104001f7080,0x0,6
116,0010000010000100000000111100000000000000000,0000,0x104201e0000,0x0,2
117,0010000010000100000000111111110100010111110,0000,0x104201fe8be,0x0,1
118,0010000010000000000000111111110100010111110,0000,0x104001fe8be,0x0,3
119,0010000010000100000000111000000000000111110,0000,0x104201c003e,0x0,1
120,0010000010000100000000111110110110010110110,0000,0x104201f6cb6,0x0,1
121,0010000010000000000000111110111000010110110,0000,0x104001f70b6,0x0,20
122,0010000010000100000000111110111010010110110,0000,0x104201f74b6,0x0,1
123,0000000010000100000000111110111010010000000,0000,0x4201f7480,0x0,1
124,0010000010000000000000111110111010010000000,0000,0x104001f7480,0x0,19
125,0010000010000100000000111110110000010110110,0000,0x104201f60b6,0x0,3
126,0010000010000000000000111110110000010110110,0000,0x104001f60b6,0x0,6
127,0000000010000100000000111110110000010000000,0000,0x4201f6080,0x0,1
128,0010000010000000000000111110110000010000000,0000,0x104001f6080,0x0,1
129,0010000010000100000000111000000000010000000,0000,0x104201c0080,0x0,3
130,0000000010000100000000111110110010010000000,0000,0x4201f6480,0x0,1
131,0010000010000000000000111110110010010000000,0000,0x104001f6480,0x0,1
132,0010000010000100001000111000000100000000000,0000,0x104211c0800,0x0,2
133,0000000010000100001000111000000100000000000,0000,0x4211c0800,0x0,2
134,0010000010000000001000111000000100000000000,0000,0x104011c0800,0x0,51
135,0010000010000100000000111000001110010000000,0000,0x104201c1c80,0x0,1
136,0010000010000100000000111000000000010100000,0000,0x104201c00a0,0x0,3
137,0010000010000100000000111000000000000010000,0000,0x104201c0010,0x0,1
138,0010000010000100000000111110001101100110000,0000,0x104201f1b30,0x0,1
139,0010000010000000000000111110001101100001000,0000,0x104001f1b08,0x0,4
140,0010000010000100000000111001000111110001000,0000,0x104201c8f88,0x0,1
141,0010000010000000000000111000000000000101000,0000,0x104001c0028,0x0,1
142,0010000010000100000000111000001010010011000,0000,0x104201c1498,0x0,1
143,0010000010000100000000111011111000000111000,0000,0x104201df038,0x0,1
144,0010000010000000000000111011111000000000100,0000,0x104001df004,0x0,7
145,0010000010000100000000111000101101010000100,0000,0x104201c5a84,0x0,1
146,0010000010000100000000111000000000000000100,0000,0x104201c0004,0x0,1
147,0010000010000000000000111000000000000101100,0000,0x104001c002c,0x0,3
148,0010000010000000000000111000000001000011100,0000,0x104001c021c,0x0,6
149,0010000010000000000000111000000000000000010,0000,0x104001c0002,0x0,8
150,0010000010000000000000111000000011010010010,0000,0x104001c0692,0x0,3
151,0010000010000000000000111001010111000000110,0000,0x104001cae06,0x0,8
152,0010000010000000000000111000111101010000110,0000,0x104001c7a86,0x0,13
153,0010000010000000000000111001110001100010110,0000,0x104001ce316,0x0,10
154,0010000010000000000000111101101010111000000,0000,0x104001ed5c0,0x0,2
155,0010000010000000000000111001010111011001010,0000,0x104001caeca,0x0,7
156,0010000010000000000000111010001001011000000,0000,0x104001d12c0,0x0,20
157,0010000010000000000000111111111100110111010,0000,0x104001ff9ba,0x0,5
158,0010000000000000000100111000011000011100000,0000,0x100009c30e0,0x0,2
159,0010000010000000000000111011100011010011100,0000,0x104001dc69c,0x0,20
160,0010000010000101000000111011111010111110000,1000,0x104281df5f0,0x8,1000
161,0010000011000101000000111011111010111110000,1000,0x106281df5f0,0x8,2115
162,0010000011000101100000111011111010111110000,0000,0x1062c1df5f0,0x0,1000
163,0010000010000101110001111011110110111001010,0000,0x1042e3dedca,0x0,261
164,0010000010000101000001110011111110111000110,1000,0x1042839fdc6,0x8,4207
165,0010000010000101010001111011111110111000110,1000,0x1042a3dfdc6,0x8,496
166,0010000011000101000000111011111110111000110,1000,0x106281dfdc6,0x8,2139
167,0010000011000101100000111011111110111000110,0000,0x1062c1dfdc6,0x0,692
168,0010000010000101000001110011110001111001110,1000,0x1042839e3ce,0x8,4202
169,0010000010000101010001111011110001111001110,1000,0x1042a3de3ce,0x8,505
170,0010000011000101000000111011110001111001110,1000,0x106281de3ce,0x8,1758
171,0010000011000101100000111011110001111001110,0000,0x1062c1de3ce,0x0,662
172,0010000010000101110001111011111001111000000,0000,0x1042e3df3c0,0x0,341
173,0010000010000101110001111011110101111001000,0000,0x1042e3debc8,0x0,381
174,0010000010000101110001111011111101111000100,0000,0x1042e3dfbc4,0x0,368
175,0010000010000101110001111011110011111001100,0000,0x1042e3de7cc,0x0,418
176,0010000010000101110001111011111011111000010,0000,0x1042e3df7c2,0x0,372
177,0010000010000001000001110011111011111001010,0000,0x1040839f7ca,0x0,328
178,0010000010000101000001110011110111111001010,1000,0x1042839efca,0x8,4460
179,0010000010000101010001111011110111111001010,1000,0x1042a3defca,0x8,538
180,0010000011000101000000111011110111111001010,1000,0x106281defca,0x8,1716
181,0010000011000101100000111011110111111001010,0000,0x1062c1defca,0x0,600
182,0010000010000001010001111011110111111000110,0000,0x1040a3defc6,0x0,91
183,0010000010000001000000111011110111111000110,0000,0x104081defc6,0x0,4780
184,0010000010000101000000111011111111111000110,1000,0x104281dffc6,0x8,88
185,0010000011000101000000111011111111111000110,1000,0x106281dffc6,0x8,1608
186,0010000011000101100000111011111111111000110,0000,0x1062c1dffc6,0x0,585
187,0010000010000100010001111000000100010001110,0000,0x104223c088e,0x0,926
188,0010000010000000000000111000000100010110110,0000,0x104001c08b6,0x0,2032
189,0010000010000100000000111110111111110110110,0000,0x104201f7fb6,0x0,1000
190,1010000010000100000000111110110000011110110,0000,0x504201f60f6,0x0,1000
191,1010000010000000000000111110110000011011000,0000,0x504001f60d8,0x0,34073
192,0010000010000100000000111111111111100011000,0000,0x104201fff18,0x0,1000
193,0010000010000000000000111111111111100011100,0000,0x104001fff1c,0x0,13282
194,0010000010000100000000111011100100110011100,0000,0x104201dc99c,0x0,1000
195,0010000010000000000000111011100100110011100,0000,0x104001dc99c,0x0,6148
196,0010000010000101000001110011110110111001010,1000,0x1042839edca,0x8,3661
197,0010000010000101010001111011110110111001010,1000,0x1042a3dedca,0x8,413
198,0010000011000101000000111011110110111001010,1000,0x106281dedca,0x8,2080
199,0010000011000101100000111011110110111001010,0000,0x1062c1dedca,0x0,733
200,0010000010000101110001111011111110111000110,0000,0x1042e3dfdc6,0x0,294
201,0010000010000101000001110011111001111000000,1000,0x1042839f3c0,0x8,4771
202,0010000010000101010001111011111001111000000,1000,0x1042a3df3c0,0x8,523
203,0010000011000101000000111011111001111000000,1000,0x106281df3c0,0x8,1818
204,0010000011000101100000111011111001111000000,0000,0x1062c1df3c0,0x0,652
205,0010000010000101000001110011110101111001000,1000,0x1042839ebc8,0x8,4444
206,0010000010000101010001111011110101111001000,1000,0x1042a3debc8,0x8,523
207,0010000011000101000000111011110101111001000,1000,0x106281debc8,0x8,1803
208,0010000011000101100000111011110101111001000,0000,0x1062c1debc8,0x0,616
209,0010000010000101000001110011110011111001100,1000,0x1042839e7cc,0x8,4347
210,0010000010000101010001111011110011111001100,1000,0x1042a3de7cc,0x8,503
211,0010000011000101000000111011110011111001100,1000,0x106281de7cc,0x8,1730
212,0010000011000101100000111011110011111001100,0000,0x1062c1de7cc,0x0,574
213,0010000010000101110001111011111111111000110,0000,0x1042e3dffc6,0x0,412
214,0010000010000100000001110000000100010001110,1000,0x1042038088e,0x8,4568
215,0010000010000001010001111011111010111001010,0000,0x1040a3df5ca,0x0,326
216,0010000010000001000000111011111010111001010,0000,0x104081df5ca,0x0,4336
217,0010000010000101000000111011110110111001010,1000,0x104281dedca,0x8,320
218,0010000010000101000001110011111101111000100,1000,0x1042839fbc4,0x8,4589
219,0010000010000101010001111011111101111000100,1000,0x1042a3dfbc4,0x8,531
220,0010000011000101000000111011111101111000100,1000,0x106281dfbc4,0x8,1887
221,0010000011000101100000111011111101111000100,0000,0x1062c1dfbc4,0x0,627
222,0010000010000101110001111011110001111001110,0000,0x1042e3de3ce,0x0,331
223,0010000010000001010001111011110101111000100,0000,0x1040a3debc4,0x0,101
224,0010000010000001000000111011110101111000100,0000,0x104081debc4,0x0,7021
225,0010000010000101000000111011111101111000100,1000,0x104281dfbc4,0x8,96
226,0010000010000001000001110011111101111001100,0000,0x1040839fbcc,0x0,352
227,0010000010000101000001110011111011111000010,1000,0x1042839f7c2,0x8,4828
228,0010000010000101010001111011111011111000010,1000,0x1042a3df7c2,0x8,532
229,0010000011000101000000111011111011111000010,1000,0x106281df7c2,0x8,1585
230,0010000011000101100000111011111011111000010,0000,0x1062c1df7c2,0x0,622
231,0010000010000001010001111011111011111001010,0000,0x1040a3df7ca,0x0,68
232,0010000010000001000000111011111011111001010,0000,0x104081df7ca,0x0,3763
233,0010000010000101000000111011110111111001010,1000,0x104281defca,0x8,62
234,0010000010000101000001110011111111111000110,1000,0x1042839ffc6,0x8,4321
235,0010000010000101010001111011111111111000110,1000,0x1042a3dffc6,0x8,497
236,0010000010000101110001111011110111111001010,0000,0x1042e3defca,0x0,394
237,0010000010000001000001110011110011111000010,0000,0x1040839e7c2,0x0,354
238,0010000010000001000001110011111010111001010,0000,0x1040839f5ca,0x0,1130
239,0010000010000001000001110011111111111001110,0000,0x1040839ffce,0x0,255
240,0010000010000001010001111011111111111001110,0000,0x1040a3dffce,0x0,74
241,0010000010000001000000111011111111111001110,0000,0x104081dffce,0x0,1875
242,0010000010000100000000111000000100010001110,0000,0x104201c088e,0x0,74
243,0010000010000001000001110011110110111000110,0000,0x1040839edc6,0x0,971
244,0010000010000001010001111011110110111000110,0000,0x1040a3dedc6,0x0,210
245,0010000010000001000000111011110110111000110,0000,0x104081dedc6,0x0,2308
246,0010000010000101000000111011111110111000110,1000,0x104281dfdc6,0x8,196
247,0010000010000001010001111011111110111001110,0000,0x1040a3dfdce,0x0,164
248,0010000010000001000000111011111110111001110,0000,0x104081dfdce,0x0,4576
249,0010000010000101000000111011110001111001110,1000,0x104281de3ce,0x8,157
250,0010000010000001010001111011111001111001000,0000,0x1040a3df3c8,0x0,96
251,0010000010000001000000111011111001111001000,0000,0x104081df3c8,0x0,2455
252,0010000010000101000000111011110101111001000,1000,0x104281debc8,0x8,93
253,0010000010000001000001110011110101111000100,0000,0x1040839ebc4,0x0,357
254,0010000010000101100000111011111110111000110,0000,0x1042c1dfdc6,0x0,14
255,0010000010000001010001111011110001111000000,0000,0x1040a3de3c0,0x0,136
256,0010000010000001000000111011110001111000000,0000,0x104081de3c0,0x0,6405
257,0010000010000101000000111011111001111000000,1000,0x104281df3c0,0x8,129
258,0010000010000000000000111110111111110110110,0000,0x104001f7fb6,0x0,1463
259,0010000010000001000001110011111110111001110,0000,0x1040839fdce,0x0,722
260,0010000010000001010001111011111101111001100,0000,0x1040a3dfbcc,0x0,79
261,0010000010000001000000111011111101111001100,0000,0x104081dfbcc,0x0,4040
262,0010000010000101000000111011110011111001100,1000,0x104281de7cc,0x8,71
263,0010000010000001010001111011110011111000010,0000,0x1040a3de7c2,0x0,96
264,0010000010000001000000111011110011111000010,0000,0x104081de7c2,0x0,5373
265,0010000010000101000000111011111011111000010,1000,0x104281df7c2,0x8,90
266,0010000010000001000001110011111001111001000,0000,0x1040839f3c8,0x0,437
267,0010000010000001000001110011110001111000000,0000,0x1040839e3c0,0x0,460
268,0010000010000001000001110011110111111000110,0000,0x1040839efc6,0x0,309
269,0010000010000101100000111011111111111000110,0000,0x1042c1dffc6,0x0,3
270,0010000010000101100000111011110101111001000,0000,0x1042c1debc8,0x0,3
271,0010000010000101100000111011110011111001100,0000,0x1042c1de7cc,0x0,8
272,0010000010000101100000111011110110111001010,0000,0x1042c1dedca,0x0,6
273,0010000010000101100000111011110001111001110,0000,0x1042c1de3ce,0x0,7
274,0010000010000101100000111011111101111000100,0000,0x1042c1dfbc4,0x0,5
275,0010000010000101100000111011111001111000000,0000,0x1042c1df3c0,0x0,7
276,0010000010000101100000111011111011111000010,0000,0x1042c1df7c2,0x0,6
277,0010000010000101100000111011110111111001010,0000,0x1042c1defca,0x0,6
278,0010000010000100000000111000100111100000000,0000,0x104201c4f00,0x0,1
279,0010000010000100000000111000101000110000100,0000,0x104201c5184,0x0,2
280,0010000010000000000000111000101000110000100,0000,0x104001c5184,0x0,18
281,0010000010000100000000111100110111100000100,0000,0x104201e6f04,0x0,2
282,0010000010000000000000111100110111100100100,0000,0x104001e6f24,0x0,20
283,0010000010000100000000111100100011110100100,0000,0x104201e47a4,0x0,2
284,0010000010000100000000111000001101010100100,0000,0x104201c1aa4,0x0,2
285,0010000010000100000000111011111010000110100,0000,0x104201df434,0x0,2
286,0010000010000100000000111001101010110001100,0000,0x104201cd58c,0x0,2
287,0010000010000000000000111001101010110001100,0000,0x104001cd58c,0x0,24
288,0010000010000100000000111000000000010001100,0000,0x104201c008c,0x0,2
289,0010000010000100000000111110101100100101100,0000,0x104201f592c,0x0,2
290,0010000010000100000000111011100000010011100,0000,0x104201dc09c,0x0,2
291,0010000010000000000000111011100000010011100,0000,0x104001dc09c,0x0,22
292,0010000010000100000000111000000000000011100,0000,0x104201c001c,0x0,2
293,0010000010000000000000111000000000000111100,0000,0x104001c003c,0x0,15
294,0010000010000100000000111010101000000111100,0000,0x104201d503c,0x0,2
295,0010000010000000000000111010101000000000010,0000,0x104001d5002,0x0,10
296,0010000010000100000000111000011110010000010,0000,0x104201c3c82,0x0,2
297,0010000010000100000000111000000000010000010,0000,0x104201c0082,0x0,2
298,0010000010000100000000111110000000100100010,0000,0x104201f0122,0x0,2
299,0010000010000000000000111110000000100010010,0000,0x104001f0112,0x0,6
300,0010000010000100000000111010011001110010010,0000,0x104201d3392,0x0,2
301,0010000010000100000000111000000011010010010,0000,0x104201c0692,0x0,2
302,0010000010000000000000111000000011010110010,0000,0x104001c06b2,0x0,2
303,0010000010000100000000111110001100100110010,0000,0x104201f1932,0x0,2
304,0010000010000000000000111110001100100001010,0000,0x104001f190a,0x0,13
305,0010000010000100000000111001010100110001010,0000,0x104201ca98a,0x0,2
306,0010000010000100000000111000001001010001010,0000,0x104201c128a,0x0,2
307,0010000010000000000000111000001001010101010,0000,0x104001c12aa,0x0,3
308,0010000010000100000000111000000000000101010,0000,0x104201c002a,0x0,2
309,0010000010000000000000111000000000000011010,0000,0x104001c001a,0x0,15
310,0010000010000100000000111110101001000011010,0000,0x104201f521a,0x0,2
311,0010000010000000000000111110101001000111010,0000,0x104001f523a,0x0,6
312,0010000010000100000000111111011001010111010,0000,0x104201fb2ba,0x0,2
313,0010000010000100000000111011111010000111010,0000,0x104201df43a,0x0,2
314,0010000010000000000000111011111010000000110,0000,0x104001df406,0x0,10
315,0010000010000100000000111000110001110000110,0000,0x104201c6386,0x0,2
316,0010000010000000000000111000110001110000110,0000,0x104001c6386,0x0,25
317,0010000010000100000000111000000000000000110,0000,0x104201c0006,0x0,1004
318,0010000010000000000000111000000000000100110,0000,0x104001c0026,0x0,21
319,0010000010000100000000111000000000010100110,0000,0x104201c00a6,0x0,2
320,0010000010000100000000111101000100100010110,0000,0x104201e8916,0x0,2
321,0010000010000000000000111101000100100110110,0000,0x104001e8936,0x0,8
322,0010000010000100000000111110111001110110110,0000,0x104201f73b6,0x0,2
323,0010000010000100000000111101111010100110110,0000,0x104201ef536,0x0,2
324,0010000010000100000000111001110010110001110,0000,0x104201ce58e,0x0,2
325,0010000010000100000000111000001011010001110,0000,0x104201c168e,0x0,2
326,0010000010000100000000111001001000000101110,0000,0x104201c902e,0x0,2
327,0010000010000100000000111111110010010111110,0000,0x104201fe4be,0x0,2
328,0010000010000000000000111111110010010111110,0000,0x104001fe4be,0x0,12
329,0010000010000100000000111100000000000111110,0000,0x104201e003e,0x0,2
330,0010000010000000000000111100000000000101000,0000,0x104001e0028,0x0,9
331,0010000010000100000000111101000101010101000,0000,0x104201e8aa8,0x0,2
332,0010000010000100000000111101000010011101000,0000,0x104201e84e8,0x0,2
333,0010000010000100000000111010000000110101100,0000,0x104201d01ac,0x0,2
334,0010000010000100000000111010101011011010000,0000,0x104201d56d0,0x0,2
335,0010000010000000000000111010101011011010100,0000,0x104001d56d4,0x0,19
336,1010000010000100000000111011011101111010100,0000,0x504201dbbd4,0x0,2
337,1010000010000000000000111011011101111001110,0000,0x504001dbbce,0x0,39
338,0010000010000100000000111010000000110001110,0000,0x104201d018e,0x0,2
339,0010000010000000000000111010000000110010000,0000,0x104001d0190,0x0,28
340,0010000010000100000000111001110010010010000,0000,0x104201ce490,0x0,2
341,0010000010000000000000111001110010010110010,0000,0x104001ce4b2,0x0,20
342,0010000010000100000100111111000100111110010,0000,0x104209f89f2,0x0,2
343,0010000000000000000100111111000100111111010,0000,0x100009f89fa,0x0,29
344,0010000010000100000000111001101101011111010,0000,0x104201cdafa,0x0,2
345,1010000010000100000000111011001110111001100,0000,0x504201d9dcc,0x0,2
346,1010000010000000000000111011001110111010110,0000,0x504001d9dd6,0x0,27
347,0010000000000100000100111101110011011000000,0100,0x100209ee6c0,0x4,2
348,0010000011000100000100111101110011011000000,0000,0x106209ee6c0,0x0,2
349,0010000000000000000100111101110011011000010,0000,0x100009ee6c2,0x0,8
350,0010001000000100000000111111001011011000010,0100,0x110201f96c2,0x4,2
351,0010001001000100000000111111001011011000010,0100,0x112201f96c2,0x4,70
352,0010001011000100000000111111001011011000010,0000,0x116201f96c2,0x0,2
353,0010000010000100000000111000101011110100010,0000,0x104201c57a2,0x0,2
354,1010000010000100000000111111101010111110000,0000,0x504201fd5f0,0x0,2
355,1010000010000100000000111101101000011011010,0000,0x504201ed0da,0x0,2
356,1010000010000000000000111101101000011000100,0000,0x504001ed0c4,0x0,3
357,1010000010000100000000111011100000011000100,0000,0x504201dc0c4,0x0,1
358,1010000010000000000000111011100000011011100,0000,0x504001dc0dc,0x0,49
359,0010000010000100000000111010101111110011100,0000,0x104201d5f9c,0x0,2
360,0010000010000100000000111101100110010010100,0000,0x104201ecc94,0x0,2
361,0010000010000000000000111101100110010101100,0000,0x104001eccac,0x0,19
362,0010001000000100000000111111111110111101100,0100,0x110201ffdec,0x4,2
363,0010001011000100000000111111111110111101100,0000,0x116201ffdec,0x0,2
364,0010001000000000000000111111111110111001100,0000,0x110001ffdcc,0x0,10
365,0010000010000100000000111010101011011000000,0000,0x104201d56c0,0x0,2
366,0010000010000100000000111001100011011010100,0000,0x104201cc6d4,0x0,2
367,0010000010000000000000111001100011011001100,0000,0x104001cc6cc,0x0,18
368,0010000010000100000000111001101101011001100,0000,0x104201cdacc,0x0,2
369,0010000010000000000000111001101101011001100,0000,0x104001cdacc,0x0,3
370,0010000010000100000000111100011111111001100,0000,0x104201e3fcc,0x0,2
371,0010000010000000000000111100011111111010110,0000,0x104001e3fd6,0x0,5
372,0010000000000100000100111100101110011010110,0100,0x100209e5cd6,0x4,2
373,0010000011000100000100111100101110011010110,0000,0x106209e5cd6,0x0,2
374,0010000010000100000000111000101011011100000,0000,0x104201c56e0,0x0,2
375,0010000010000000000000111000101011011000100,0000,0x104001c56c4,0x0,11
376,0010000010000100000000111010011000010000100,0000,0x104201d3084,0x0,2
377,0010000010000000000000111010011000010010010,0000,0x104001d3092,0x0,7
378,0010000010000100000000111110100011100010010,0000,0x104201f4712,0x0,2
379,0010000010000100000000111110101111011100000,0000,0x104201f5ee0,0x0,2
380,0010000010000100000000111001101010110110100,0000,0x104201cd5b4,0x0,2
381,0010000010000100000000111001100001110001100,0000,0x104201cc38c,0x0,2
382,0010000000000100000100111101111110011001100,0100,0x100209efccc,0x4,2
383,0010000011000100000100111101111110011001100,0000,0x106209efccc,0x0,2
384,0010000010000100000000111010000000110110010,0000,0x104201d01b2,0x0,2
385,0010000010000100000000111110110000110110100,0000,0x104201f61b4,0x0,2
386,0010000010000100000000111100000111110110110,0000,0x104201e0fb6,0x0,2
387,0010000010000000000000111100000111110101110,0000,0x104001e0fae,0x0,2
388,0010000010000100000000111100110000010101110,0000,0x104201e60ae,0x0,2
389,1010000010000100000000111011001000011110100,0000,0x504201d90f4,0x0,2
390,1010000010000000000000111011001000011010010,0000,0x504001d90d2,0x0,9
391,0010000010000100000000111100101001011010010,0000,0x104201e52d2,0x0,1
392,0010000010000000000000111100101001011100100,0000,0x104001e52e4,0x0,24
393,0010000010000100000000111101101001011100100,0000,0x104201ed2e4,0x0,2
394,0010000010000000000000111000000000000111110,0000,0x104001c003e,0x0,6954
395,0010000010000100000000111111110011010111110,0000,0x104201fe6be,0x0,1003
396,0010000010000000000000111111110011010111110,0000,0x104001fe6be,0x0,7443
397,0010000010000110000000111111110000010111110,0000,0x104301fe0be,0x0,1003
398,0010000010000010000000111111110000010000000,0000,0x104101fe080,0x0,32402
399,0010000010000000000000111000000010110101000,0000,0x104001c05a8,0x0,11
400,0010000010000000000000111000000000000110100,0000,0x104001c0034,0x0,16
401,0010000010000100000000111110100010010110100,0000,0x104201f44b4,0x0,2
402,0010000010000000000000111110100010010110100,0000,0x104001f44b4,0x0,15
403,0010000010000100000000111110101000010110100,0000,0x104201f50b4,0x0,2
404,0000000010000100000000111110101000010000000,0000,0x4201f5080,0x0,1
405,0010000010000000000000111110101000010000000,0000,0x104001f5080,0x0,7
406,0010000010000100000000111011110100010011110,0000,0x104201de89e,0x0,1
407,0010000010000000000000111011110100010011110,0000,0x104001de89e,0x0,4
408,0010000010000100000000111000000000000011110,0000,0x104201c001e,0x0,1
409,0010000010000100000000111110100101110110100,0000,0x104201f4bb4,0x0,1
410,0010000010000100000000111110100000010110100,0000,0x104201f40b4,0x0,4
411,0010000010000000000000111110100000010110100,0000,0x104001f40b4,0x0,3
412,0010000010000100000000111110101010010110100,0000,0x104201f54b4,0x0,1
413,0000000010000100000000111110101010010000000,0000,0x4201f5480,0x0,1
414,0010000010000000000000111110101010010000000,0000,0x104001f5480,0x0,19
415,0000000010000100000000111110100000010000000,0000,0x4201f4080,0x0,1
416,0010000010000000000000111110100000010000000,0000,0x104001f4080,0x0,1
417,0000000010000100000000111110100010010000000,0000,0x4201f4480,0x0,1
418,0010000010000000000000111110100010010000000,0000,0x104001f4480,0x0,1
419,0010000010000100000000111000110101000000000,0000,0x104201c6a00,0x0,1
420,0010000010000100000000111000001001110000000,0000,0x104201c1380,0x0,1
421,0010000010000100000000111000001100010100000,0000,0x104201c18a0,0x0,1
422,0010000010000100000000111101001110000010000,0000,0x104201e9c10,0x0,1
423,0010000010000000000000111101001110000110000,0000,0x104001e9c30,0x0,7
424,0010000010000100000000111110000101110110000,0000,0x104201f0bb0,0x0,1
425,0010000010000000000000111110000101110110000,0000,0x104001f0bb0,0x0,20
426,0010000010000100000000111001101001000001000,0000,0x104201cd208,0x0,1
427,0010000010000000000000111001101001000011000,0000,0x104001cd218,0x0,6
428,0010000010000100000000111011000000110011000,0000,0x104201d8198,0x0,1
429,0010000010000100000000111000000000000011000,0000,0x104201c0018,0x0,1
430,0010000010000000000000111000000000000111000,0000,0x104001c0038,0x0,15
431,0010000010000100000000111000100111100111000,0000,0x104201c4f38,0x0,1
432,0010000010000000000000111000100111100000100,0000,0x104001c4f04,0x0,20
433,0010000010000000000000111000000000010100010,0000,0x104001c00a2,0x0,1
434,0010000010000000000000111111011001010111010,0000,0x104001fb2ba,0x0,1
435,0010000010000000000000111110111001110110110,0000,0x104001f73b6,0x0,7
436,0010000010000000000000111001110010110001110,0000,0x104001ce58e,0x0,14
437,0010000010000000000000111000001011010101110,0000,0x104001c16ae,0x0,7
438,0010000010000000000000111101000101010101000,0000,0x104001e8aa8,0x0,9
439,0010000010000100000000111110111110110000100,0000,0x104201f7d84,0x0,1
440,1010000010000100000000111011100000011010100,0000,0x504201dc0d4,0x0,1
441,0010001001000100000000111111111110111101100,0100,0x112201ffdec,0x4,35
442,0010000010000000000000111001100001110001100,0000,0x104001cc38c,0x0,5
443,0010000010000000000000111110110000110110110,0000,0x104001f61b6,0x0,4
444,0010000010000000000000111100110000010110100,0000,0x104001e60b4,0x0,20
445,0010000010000100000000111110100101010010010,0000,0x104201f4a92,0x0,1
446,0010000010000100000000111000001111110110100,0000,0x104201c1fb4,0x0,1
447,0010000010000100000000111101100001011101010,0000,0x104201ec2ea,0x0,1
448,0010000010000000000000111101100001011101100,0000,0x104001ec2ec,0x0,19
449,0010000010000100000000111111001011111101100,0000,0x104201f97ec,0x0,1
450,0010000010000000000000111111001011111010100,0000,0x104001f97d4,0x0,7
451,0010000010000100000000111101110101110010100,0000,0x104201eeb94,0x0,1
452,0010000010000100000000111100101001011111100,0000,0x104201e52fc,0x0,1
453,0010000010000000000000111101101001011000110,0000,0x104001ed2c6,0x0,7414
454,0010000010000100000000111101101001011110000,0000,0x104201ed2f0,0x0,1000
455,0010000010000101000000111000100000010000000,1000,0x104281c4080,0x8,1
456,0010000011000101000000111000100000010000000,1000,0x106281c4080,0x8,1
457,0010000011000101100000111000100000010000000,0000,0x1062c1c4080,0x0,1
458,0010000010000100000010110000000000000000100,1000,0x10420580004,0x8,20
459,0010000010000100010010111000000000000000100,0000,0x104225c0004,0x0,1
